Simon,Zane,1,YGO,9-11-2025
Luke,Matt,1
Simon,Chris,1
Zane,Marco,0
Zane,Matt,1
Marco,Simon,0
Zane,Chris,0
Chris,Matt,1
Gyromee,Matt,0
Simon,Meng,1
Meng,Gyromee,0
Gyromee,Simon,1
Marco,Chris,0
Luke,Meng,0
Gyromee,Chris,1
Simon,Luke,0
Gyromee,Luke,1
Simon,Stephen,1
Stephen,Luke,0
Luke,Chris,1
Stephen,Chris,0

Stephen,Chris,1,YGO,9-18-2025
Simon,Zane,1
Zane,Luke,1
Zane,Stephen,0
Chris,Marco,1
Meng,Gyromee,1
Luke,Gyromee,1
Meng,Stephen,1
Simon,Gyromee,1
Meng,Simon,0
Chris,Gyromee,0
Meng,Luke,1
Stephen,Simon,1
Simon,Chris,1

Marco,Simon,0,YGO,9-25-2025
Luke,Chris,1
Marco,Stephen,1
Simon,Meng,1
Stephen,Simon,0
Meng,Marco,1
Matt,Meng,0
Matt,Chris,0
Meng,Stephen,0
Matt,Luke,0
Meng,Chris,0

PlaceHolderA,PlaceHolderB,1,TEST,1-1-2024
